item_id,answer,confidence
A_knowledge-1,A,95
A_knowledge-2,A,90
A_knowledge-3,A,85
A_knowledge-4,A,80
A_knowledge-5,A,92
A_knowledge-6,A,88
A_knowledge-7,A,96
A_knowledge-8,A,86
A_knowledge-9,A,94
A_knowledge-10,A,82
A_knowledge-11,A,91
A_knowledge-12,A,89
A_arithmetic-13,D,98
A_arithmetic-14,A,97
A_arithmetic-15,B,96
A_arithmetic-16,A,98
B1_fake_distractor-17,A,75
B1_fake_distractor-18,A,78
B1_fake_distractor-19,D,76
B1_fake_distractor-20,B,74
B1_all_fake-21,REJECT,50
B2_underspecified-22,REJECT,45
B2_underspecified-23,REJECT,40
